{
  "Hufflepuff": {
    "theta0": -1.8935857155524762,
    "theta": [
      1.573367655187405,
      -1.8438763536784175,
      0.8079422791458799,
      -0.977169360551114,
      -1.867983005696138,
      0.8007181596701177
    ],
    "x_mean": [
      1.179651729999442,
      -0.22935288612997715,
      3.092378702962371,
      -221.35528163955306,
      496.90815138679557,
      1030.4746947751478
    ],
    "x_std": [
      5.177685110617774,
      5.22647926465721,
      4.152292935378689,
      489.11384184788545,
      106.25813927663056,
      43.72652221695574
    ]
  },
  "Slytherin": {
    "theta0": -2.8389806509735473,
    "theta": [
      -1.2115342159339653,
      1.1857831851549256,
      -1.897723439718707,
      -0.3888623475423553,
      -0.8085502734229875,
      0.7402453469934466
    ],
    "x_mean": [
      1.179651729999442,
      -0.22935288612997715,
      3.092378702962371,
      -221.35528163955306,
      496.90815138679557,
      1030.4746947751478
    ],
    "x_std": [
      5.177685110617774,
      5.22647926465721,
      4.152292935378689,
      489.11384184788545,
      106.25813927663056,
      43.72652221695574
    ]
  },
  "Gryffindor": {
    "theta0": -2.7888093342985845,
    "theta": [
      -1.201746039219345,
      -0.7692607690082343,
      0.6642736443694147,
      -0.40275733430615873,
      1.2102690120106603,
      -1.712306106922233
    ],
    "x_mean": [
      1.179651729999442,
      -0.22935288612997715,
      3.092378702962371,
      -221.35528163955306,
      496.90815138679557,
      1030.4746947751478
    ],
    "x_std": [
      5.177685110617774,
      5.22647926465721,
      4.152292935378689,
      489.11384184788545,
      106.25813927663056,
      43.72652221695574
    ]
  },
  "Ravenclaw": {
    "theta0": -2.073838298647382,
    "theta": [
      0.9208816606493693,
      1.4757563521927253,
      0.47063276065130666,
      1.5913166242992374,
      1.275728554785615,
      0.3969231275055888
    ],
    "x_mean": [
      1.179651729999442,
      -0.22935288612997715,
      3.092378702962371,
      -221.35528163955306,
      496.90815138679557,
      1030.4746947751478
    ],
    "x_std": [
      5.177685110617774,
      5.22647926465721,
      4.152292935378689,
      489.11384184788545,
      106.25813927663056,
      43.72652221695574
    ]
  }
}