{
  "Ravenclaw": {
    "theta0": -0.9699307917100676,
    "theta": [
      0.5245861387287399,
      0.830272198884436,
      0.29822373876130787,
      1.110070404584143,
      0.773528529864071,
      0.303507836753246
    ],
    "x_mean": [
      1.1410195296768058,
      -0.38786349744178583,
      3.1539096732863516,
      -224.5899148634645,
      495.747970059158,
      1030.0969463871315
    ],
    "x_std": [
      5.2180162261386736,
      5.211132259349998,
      4.153969710726384,
      486.1894330848615,
      106.25120223070012,
      44.111025138058615
    ]
  },
  "Slytherin": {
    "theta0": -1.3687511967215158,
    "theta": [
      -0.6572300308792568,
      0.633791116642635,
      -1.082539892472612,
      -0.24341171677020096,
      -0.4375585574946296,
      0.3025441950147059
    ],
    "x_mean": [
      1.1410195296768058,
      -0.38786349744178583,
      3.1539096732863516,
      -224.5899148634645,
      495.747970059158,
      1030.0969463871315
    ],
    "x_std": [
      5.2180162261386736,
      5.211132259349998,
      4.153969710726384,
      486.1894330848615,
      106.25120223070012,
      44.111025138058615
    ]
  },
  "Gryffindor": {
    "theta0": -1.2958336287261119,
    "theta": [
      -0.7132860050392755,
      -0.46406200933420144,
      0.2726874778609666,
      -0.2794476224037644,
      0.6652543676965974,
      -1.096585550238793
    ],
    "x_mean": [
      1.1410195296768058,
      -0.38786349744178583,
      3.1539096732863516,
      -224.5899148634645,
      495.747970059158,
      1030.0969463871315
    ],
    "x_std": [
      5.2180162261386736,
      5.211132259349998,
      4.153969710726384,
      486.1894330848615,
      106.25120223070012,
      44.111025138058615
    ]
  },
  "Hufflepuff": {
    "theta0": -0.7686360691672149,
    "theta": [
      0.8554898571965514,
      -0.9883502505450346,
      0.5036018986355597,
      -0.5725325880535508,
      -1.0101767788803986,
      0.5184761643667996
    ],
    "x_mean": [
      1.1410195296768058,
      -0.38786349744178583,
      3.1539096732863516,
      -224.5899148634645,
      495.747970059158,
      1030.0969463871315
    ],
    "x_std": [
      5.2180162261386736,
      5.211132259349998,
      4.153969710726384,
      486.1894330848615,
      106.25120223070012,
      44.111025138058615
    ]
  }
}