{"theta0": -0.9699307917100676, "theta": [0.5245861387287399, 0.830272198884436, 0.29822373876130787, 1.110070404584143, 0.773528529864071, 0.303507836753246]}