{"theta0": -1.2958336287261119, "theta": [-0.7132860050392755, -0.46406200933420144, 0.2726874778609666, -0.2794476224037644, 0.6652543676965974, -1.096585550238793]}