{"theta0": -1.3687511967215158, "theta": [-0.6572300308792568, 0.633791116642635, -1.082539892472612, -0.24341171677020096, -0.4375585574946296, 0.3025441950147059]}