{"theta0": -0.7686360691672149, "theta": [0.8554898571965514, -0.9883502505450346, 0.5036018986355597, -0.5725325880535508, -1.0101767788803986, 0.5184761643667996]}