{
  "scaler": {
    "x_mean": [
      1.1796517299994402,
      -0.22935288612997679,
      3.0923787029623697,
      -221.35528163955294,
      496.90815138679517,
      1030.4746947751473
    ],
    "x_std": [
      5.177685110617771,
      5.226479264657211,
      4.1522929353786875,
      489.11384184788557,
      106.25813927663057,
      43.72652221695578
    ]
  },
  "models": {
    "Gryffindor": {
      "theta0": -1.3215849806212703,
      "theta": [
        -0.6878686793640124,
        -0.45853774069515335,
        0.2686435820661025,
        -0.2799042576643995,
        0.6504004650497265,
        -1.079002568577637
      ]
    },
    "Hufflepuff": {
      "theta0": -0.8029184186671269,
      "theta": [
        0.8406362435314113,
        -0.9960343985877659,
        0.49572650116940997,
        -0.5635546476591774,
        -0.9933192014936553,
        0.5035133166455852
      ]
    },
    "Ravenclaw": {
      "theta0": -0.9303527402964381,
      "theta": [
        0.5275068151993701,
        0.8406932961875263,
        0.31222795732596315,
        1.1114358022998578,
        0.7855000512937849,
        0.30230241423329896
      ]
    },
    "Slytherin": {
      "theta0": -1.3503761503500873,
      "theta": [
        -0.6706389312037128,
        0.630977324158741,
        -1.0895393531919648,
        -0.2529300582325225,
        -0.45439590353665815,
        0.3037287903399774
      ]
    }
  }
}