{
  "scaler": {
    "x_mean": [
      1.1796517299994402,
      -0.22935288612997679,
      3.0923787029623697,
      -221.35528163955294,
      496.90815138679517,
      1030.4746947751473
    ],
    "x_std": [
      5.177685110617771,
      5.226479264657211,
      4.1522929353786875,
      489.11384184788557,
      106.25813927663057,
      43.72652221695578
    ]
  },
  "models": {
    "Gryffindor": {
      "theta0": -1.3215849806212705,
      "theta": [
        -0.6878686793640126,
        -0.45853774069515335,
        0.26864358206610256,
        -0.2799042576643994,
        0.6504004650497264,
        -1.0790025685776372
      ]
    },
    "Hufflepuff": {
      "theta0": -0.8029184186671269,
      "theta": [
        0.8406362435314113,
        -0.9960343985877658,
        0.4957265011694101,
        -0.5635546476591774,
        -0.9933192014936554,
        0.5035133166455853
      ]
    },
    "Ravenclaw": {
      "theta0": -0.930352740296438,
      "theta": [
        0.52750681519937,
        0.8406932961875265,
        0.31222795732596326,
        1.1114358022998576,
        0.7855000512937848,
        0.3023024142332989
      ]
    },
    "Slytherin": {
      "theta0": -1.3503761503500877,
      "theta": [
        -0.6706389312037129,
        0.6309773241587412,
        -1.0895393531919646,
        -0.2529300582325226,
        -0.4543959035366581,
        0.3037287903399774
      ]
    }
  }
}